count_point_id;count_point_name;operator_id;operator_name;longitude;latitude;op_road_name;route_normalisee;station_name;op_landmark;op_direction;meas_roadlink_id;disponible_2026;nb_heures_2026;premiere_mesure_2026;derniere_mesure_2026
5239;MXD25.A1;10;DIR Est;6.341264262950695;46.97630428518946;N57;N57;Radt La Vrine;61;Sens 1;72097932;1;745;2026-01-01T00:00:00+01:00;2026-02-01T00:00:00+01:00
5241;MXD25.A2;10;DIR Est;6.341332049038488;46.97637780420945;N57;N57;Radt La Vrine;61;Sens 2;72097932;1;745;2026-01-01T00:00:00+01:00;2026-02-01T00:00:00+01:00
5248;MXD25.B1;10;DIR Est;6.371862927567667;46.85491402226033;N57;N57;Radt La Gauffre;76;Sens 1;72107368;1;745;2026-01-01T00:00:00+01:00;2026-02-01T00:00:00+01:00
5249;MXD25.B2;10;DIR Est;6.371945206158024;46.85497085740411;N57;N57;Radt La Gauffre;76;Sens 2;72107368;1;745;2026-01-01T00:00:00+01:00;2026-02-01T00:00:00+01:00
5228;MXD25.C1;10;DIR Est;5.994447317587841;47.31273122163164;N57;N57;Radt Chatillon;2;Sens 1;86943260;1;745;2026-01-01T00:00:00+01:00;2026-02-01T00:00:00+01:00
5229;MXD25.C2;10;DIR Est;5.99453586812401;47.31268475871585;N57;N57;Radt Chatillon;2;Sens 2;86950072;1;745;2026-01-01T00:00:00+01:00;2026-02-01T00:00:00+01:00
4986;MXD25.D1;10;DIR Est;5.98913241812978;47.25366212413682;N57;N57;Radt Temis;10;Sens 1;72055047;1;745;2026-01-01T00:00:00+01:00;2026-02-01T00:00:00+01:00
4987;MXD25.D2;10;DIR Est;5.989191416605793;47.25348560647721;N57;N57;Radt Temis;10;Sens 2;72055051;1;745;2026-01-01T00:00:00+01:00;2026-02-01T00:00:00+01:00
5221;MXD25.E1;10;DIR Est;6.265521496235867;47.14756925141434;N57;N57;Radt Etalans;38;Sens 1;72076894;1;745;2026-01-01T00:00:00+01:00;2026-02-01T00:00:00+01:00
5027;MXD25.E2;10;DIR Est;6.265596124601861;47.14763581421919;N57;N57;Radt Etalans;38;Sens 2;72076894;1;745;2026-01-01T00:00:00+01:00;2026-02-01T00:00:00+01:00
5242;MXD25.F1;10;DIR Est;6.333641535266733;46.91355497740435;N57;N57;Radt Pontarlier1 (2x2);68;Sens 1;72102854;1;745;2026-01-01T00:00:00+01:00;2026-02-01T00:00:00+01:00
5243;MXD25.F2;10;DIR Est;6.333766081321275;46.91351140477381;N57;N57;Radt Pontarlier1 (2x2);68;Sens 2;72103895;1;745;2026-01-01T00:00:00+01:00;2026-02-01T00:00:00+01:00
5051;MXD25.G1;10;DIR Est;5.980195347129483;47.23600359970596;N57;N57;Radt St Ferjeux;12;Sens 1;;1;745;2026-01-01T00:00:00+01:00;2026-02-01T00:00:00+01:00
5245;MXD25.G2;10;DIR Est;5.980283033658495;47.23609306409916;N57;N57;Radt St Ferjeux;12;Sens 2;;1;745;2026-01-01T00:00:00+01:00;2026-02-01T00:00:00+01:00
5244;MXD25.H1;10;DIR Est;6.33663299953873;46.89999192077818;N57;N57;Radt Pontarlier 2;69;Sens 1;72104608;1;745;2026-01-01T00:00:00+01:00;2026-02-01T00:00:00+01:00
5246;MXD25.H2;10;DIR Est;6.336628137776224;46.90009180252459;N57;N57;Radt Pontarlier 2;69;Sens 2;72104608;1;745;2026-01-01T00:00:00+01:00;2026-02-01T00:00:00+01:00
5230;MXD25.I1;10;DIR Est;5.986285083588439;47.29300483151485;N57;N57;Radt Miserey;4;Sens 1;85724874;1;745;2026-01-01T00:00:00+01:00;2026-02-01T00:00:00+01:00
5087;MXD25.I2;10;DIR Est;5.986424902898124;47.2929606999821;N57;N57;Radt Miserey;4;Sens 2;85724853;1;745;2026-01-01T00:00:00+01:00;2026-02-01T00:00:00+01:00
5088;MXD25.J1;10;DIR Est;6.002826598931376;47.26798725766413;N57;N57;Radt Valentin;8;Sens 1;72050780;1;745;2026-01-01T00:00:00+01:00;2026-02-01T00:00:00+01:00
5208;MXD25.J2;10;DIR Est;6.002945591918054;47.26808916132462;N57;N57;Radt Valentin;8;Sens 2;72052504;1;745;2026-01-01T00:00:00+01:00;2026-02-01T00:00:00+01:00
4993;MXD25.K1;10;DIR Est;5.997873570231383;47.20453867729034;N83;N83;Radt Beure;27;Sens 1;72066353;1;745;2026-01-01T00:00:00+01:00;2026-02-01T00:00:00+01:00
4996;MXD25.K2;10;DIR Est;5.997786866162957;47.20458850102483;N83;N83;Radt Beure;27;Sens 2;72066353;1;745;2026-01-01T00:00:00+01:00;2026-02-01T00:00:00+01:00
5182;MXD25.L1;10;DIR Est;6.083612162780298;47.21973594123057;N57;N57;Radt Saone;21;Sens 1;86225868;1;745;2026-01-01T00:00:00+01:00;2026-02-01T00:00:00+01:00
5005;MXD25.L2;10;DIR Est;6.083655184262819;47.21980984382183;N57;N57;Radt Saone;21;Sens 2;72062573;1;745;2026-01-01T00:00:00+01:00;2026-02-01T00:00:00+01:00
5158;MXD25.N1;10;DIR Est;6.009764707133523;47.21515625739671;;;;;;;0;0;;
5232;MXD25.N2;10;DIR Est;6.009745315345499;47.21523698774524;;;;;;;0;0;;
5076;MXD25.O1;10;DIR Est;5.96336859132595;47.17164181677188;N83;N83;Radt Busy;21;Sens 1;72073919;1;745;2026-01-01T00:00:00+01:00;2026-02-01T00:00:00+01:00
5010;MXD25.O2;10;DIR Est;5.963271696704715;47.17166654393054;N83;N83;Radt Busy;21;Sens 2;72073919;1;745;2026-01-01T00:00:00+01:00;2026-02-01T00:00:00+01:00
5237;MXD25.P1;10;DIR Est;6.065186940640222;47.21616414184506;N57;N57;Radt La Veze;19;Sens 1;81699457;1;745;2026-01-01T00:00:00+01:00;2026-02-01T00:00:00+01:00
5238;MXD25.P2;10;DIR Est;6.065139314779865;47.21625483736143;N57;N57;Radt La Veze;19;Sens 2;82564724;1;745;2026-01-01T00:00:00+01:00;2026-02-01T00:00:00+01:00
5210;MXD25.Q1;10;DIR Est;5.98711632884185;47.21547477109576;N57;N57;Radt Micropolis;14;Sens 1;72064703;1;745;2026-01-01T00:00:00+01:00;2026-02-01T00:00:00+01:00
5231;MXD25.Q2;10;DIR Est;5.987204793508585;47.21552139729803;N57;N57;Radt Micropolis;14;Sens 2;72064703;1;745;2026-01-01T00:00:00+01:00;2026-02-01T00:00:00+01:00
5250;MXD25.T1;10;DIR Est;6.372832158975693;46.74190641983508;N57;N57;Radt Jougne;92;Sens 1;72113846;1;745;2026-01-01T00:00:00+01:00;2026-02-01T00:00:00+01:00
5251;MXD25.T2;10;DIR Est;6.372930778770509;46.74192297689009;N57;N57;Radt Jougne;92;Sens 2;72113846;1;745;2026-01-01T00:00:00+01:00;2026-02-01T00:00:00+01:00
5038;MXH70.A1;10;DIR Est;6.078423940216671;47.45347792315889;N57;N57;Radt La Malachere;66;Sens 1;75697438;1;745;2026-01-01T00:00:00+01:00;2026-02-01T00:00:00+01:00
5052;MXH70.A2;10;DIR Est;6.078504123168048;47.45341816787202;N57;N57;Radt La Malachere;66;Sens 2;75697438;1;745;2026-01-01T00:00:00+01:00;2026-02-01T00:00:00+01:00
4994;MXH70.B1;10;DIR Est;5.873622943627864;47.71805150010277;N19;N19;Radt Combeaufontaine;16;Sens 1;75662692;1;745;2026-01-01T00:00:00+01:00;2026-02-01T00:00:00+01:00
4989;MXH70.B2;10;DIR Est;5.873646182176395;47.71814876247917;N19;N19;Radt Combeaufontaine;16;Sens 2;75662692;1;745;2026-01-01T00:00:00+01:00;2026-02-01T00:00:00+01:00
4995;MXH70.C1;10;DIR Est;6.516652166806197;47.68122364725728;N19;N19;Radt Lure;73;Sens 1;82460833;1;745;2026-01-01T00:00:00+01:00;2026-02-01T00:00:00+01:00
4997;MXH70.C2;10;DIR Est;6.516807576655927;47.6812626961854;N19;N19;Radt Lure;73;Sens 2;82460843;1;745;2026-01-01T00:00:00+01:00;2026-02-01T00:00:00+01:00
5000;MXH70.D1;10;DIR Est;6.303361780887313;47.71896733747097;N57;N57;Radt Pont-Joly;29;Sens 1;75660533;1;745;2026-01-01T00:00:00+01:00;2026-02-01T00:00:00+01:00
5001;MXH70.D2;10;DIR Est;6.303437977035864;47.71890257523702;N57;N57;Radt Pont-Joly;29;Sens 2;75660533;1;745;2026-01-01T00:00:00+01:00;2026-02-01T00:00:00+01:00
4991;MXH70.E1;10;DIR Est;6.147288855681895;47.64017001301768;N19;N19;Radt La Vaugine;40;Sens 1;75672495;1;745;2026-01-01T00:00:00+01:00;2026-02-01T00:00:00+01:00
4992;MXH70.E2;10;DIR Est;6.147371794973783;47.64024937410727;N19;N19;Radt La Vaugine;40;Sens 2;75672461;1;745;2026-01-01T00:00:00+01:00;2026-02-01T00:00:00+01:00
4998;MXH70.F1;10;DIR Est;6.402199727409498;47.79564019061328;N57;N57;Radt St Sauveur;18;Sens 1;75650299;1;745;2026-01-01T00:00:00+01:00;2026-02-01T00:00:00+01:00
4999;MXH70.F2;10;DIR Est;6.402291205274444;47.7955997950662;N57;N57;Radt St Sauveur;18;Sens 2;75650299;1;745;2026-01-01T00:00:00+01:00;2026-02-01T00:00:00+01:00
5049;MXH70.G1;10;DIR Est;6.458539251168967;47.69364051365702;N19;N19;Radt Amblans;67;Sens 1;84182999;1;745;2026-01-01T00:00:00+01:00;2026-02-01T00:00:00+01:00
5004;MXH70.G2;10;DIR Est;6.458516288676945;47.69373492280228;N19;N19;Radt Amblans;67;Sens 2;84481672;1;745;2026-01-01T00:00:00+01:00;2026-02-01T00:00:00+01:00
5037;MXH70.H1;10;DIR Est;6.590632949276872;47.64673823828878;N19;N19;Radt Lyoffans;81;Sens 1;75668700;1;745;2026-01-01T00:00:00+01:00;2026-02-01T00:00:00+01:00
5050;MXH70.H2;10;DIR Est;6.590755815349637;47.64680423364703;N19;N19;Radt Lyoffans;81;Sens 2;80070213;1;745;2026-01-01T00:00:00+01:00;2026-02-01T00:00:00+01:00
5012;MXH70.J1;10;DIR Est;6.231058562680138;47.67242839596465;N57;N57;Radt Colombier;37;Sens 1;75668090;1;745;2026-01-01T00:00:00+01:00;2026-02-01T00:00:00+01:00
5015;MXH70.J2;10;DIR Est;6.231086444554839;47.67233236159027;N57;N57;Radt Colombier;37;Sens 2;75668090;1;745;2026-01-01T00:00:00+01:00;2026-02-01T00:00:00+01:00
5016;MXH70.K1;10;DIR Est;6.134917697925613;47.64684440273719;N19;N19;Radt Pusey;39;Sens 1;75671213;1;745;2026-01-01T00:00:00+01:00;2026-02-01T00:00:00+01:00
5017;MXH70.K2;10;DIR Est;6.134931043831959;47.64693330611394;N19;N19;Radt Pusey;39;Sens 2;75671212;1;745;2026-01-01T00:00:00+01:00;2026-02-01T00:00:00+01:00
5002;MXH70.L1;10;DIR Est;6.047627940547021;47.68816487936935;N19;N19;Radt Port Sur Saone;30;Sens 1;;1;745;2026-01-01T00:00:00+01:00;2026-02-01T00:00:00+01:00
5003;MXH70.L2;10;DIR Est;6.047630547115525;47.68826484539258;N19;N19;Radt Port Sur Saone;30;Sens 2;;1;745;2026-01-01T00:00:00+01:00;2026-02-01T00:00:00+01:00
5058;MXJ39.F1;10;DIR Est;6.044237872537361;46.49211612013686;N5;N5;Radt Les Rousses;107;Sens 1;84611028;1;745;2026-01-01T00:00:00+01:00;2026-02-01T00:00:00+01:00
5206;MXJ39.F2;10;DIR Est;6.044265044545567;46.49201988250405;N5;N5;Radt Les Rousses;107;Sens 2;84611028;1;745;2026-01-01T00:00:00+01:00;2026-02-01T00:00:00+01:00
5009;MXJ39.G1;10;DIR Est;5.842877962182491;47.00286922483627;N83;N83;Radt Granges De Vaivre;87;Sens 1;84429950;1;745;2026-01-01T00:00:00+01:00;2026-02-01T00:00:00+01:00
4985;MXJ39.G2;10;DIR Est;5.842814096668218;47.00293964333692;N83;N83;Radt Granges De Vaivre;87;Sens 2;84429950;1;745;2026-01-01T00:00:00+01:00;2026-02-01T00:00:00+01:00
5018;MXJ39.H1;10;DIR Est;5.730555159304096;46.8916673370265;N83;N83;Radt Buvilly;71;Sens 1;70907507;1;745;2026-01-01T00:00:00+01:00;2026-02-01T00:00:00+01:00
5054;MXJ39.H2;10;DIR Est;5.73046234014533;46.89170454729076;N83;N83;Radt Buvilly;71;Sens 2;70907507;1;745;2026-01-01T00:00:00+01:00;2026-02-01T00:00:00+01:00
5266;MXJ39.I1;10;DIR Est;5.666656758164573;46.8413266246223;N83;N83;Radt Poligny;61;Sens 1;70912785;1;745;2026-01-01T00:00:00+01:00;2026-02-01T00:00:00+01:00
4984;MXJ39.I2;10;DIR Est;5.666673820023661;46.84143151755791;N83;N83;Radt Poligny;61;Sens 2;70912784;1;745;2026-01-01T00:00:00+01:00;2026-02-01T00:00:00+01:00
5207;MXJ39.J1;10;DIR Est;5.953125407277443;46.58492987418019;N5;N5;Radt St Laurent;88;Sens 1;82207825;1;745;2026-01-01T00:00:00+01:00;2026-02-01T00:00:00+01:00
5205;MXJ39.J2;10;DIR Est;5.953224582738764;46.58491705903791;N5;N5;Radt St Laurent;88;Sens 2;82207825;1;745;2026-01-01T00:00:00+01:00;2026-02-01T00:00:00+01:00
5056;MXJ39.K1;10;DIR Est;5.725279824652275;46.82444692889741;N5;N5;Radt Vaux Sur Poligny;47;Sens 1;70913438;1;745;2026-01-01T00:00:00+01:00;2026-02-01T00:00:00+01:00
5059;MXJ39.K2;10;DIR Est;5.725332701361721;46.82453180559384;N5;N5;Radt Vaux Sur Poligny;47;Sens 2;70913438;1;745;2026-01-01T00:00:00+01:00;2026-02-01T00:00:00+01:00
5203;MXJ39.L1;10;DIR Est;5.904993091361637;46.76726822715504;N5;N5;Radt Vannoz;65;Sens 1;70919195;1;745;2026-01-01T00:00:00+01:00;2026-02-01T00:00:00+01:00
5204;MXJ39.L2;10;DIR Est;5.905092516430936;46.76727893489033;N5;N5;Radt Vannoz;65;Sens 2;70919195;1;745;2026-01-01T00:00:00+01:00;2026-02-01T00:00:00+01:00
5085;MXJ39.M1;10;DIR Est;5.922577439942563;46.72609912806553;N5;N5;Radt Champagnole;70;Sens 1;70925341;1;745;2026-01-01T00:00:00+01:00;2026-02-01T00:00:00+01:00
5117;MXJ39.M2;10;DIR Est;5.922674811956385;46.7260763532785;N5;N5;Radt Champagnole;70;Sens 2;70925341;1;745;2026-01-01T00:00:00+01:00;2026-02-01T00:00:00+01:00
5078;MXT90.B1;10;DIR Est;6.925014188154293;47.56735440733353;N19;N19;Radt Bourogne;11;Sens 1;74970604;1;745;2026-01-01T00:00:00+01:00;2026-02-01T00:00:00+01:00
5090;MXT90.B2;10;DIR Est;6.92507923185342;47.56743036335504;N19;N19;Radt Bourogne;11;Sens 2;74970604;1;745;2026-01-01T00:00:00+01:00;2026-02-01T00:00:00+01:00
5072;MXT90.D1;10;DIR Est;6.84511529742912;47.59346436152039;N19;N19;Radt Dorans;4;Sens 1;85295852;1;745;2026-01-01T00:00:00+01:00;2026-02-01T00:00:00+01:00
5074;MXT90.D2;10;DIR Est;6.845208434361455;47.59355894683086;N19;N19;Radt Dorans;4;Sens 2;85295854;1;745;2026-01-01T00:00:00+01:00;2026-02-01T00:00:00+01:00
5091;MXT90.E1;10;DIR Est;6.969452960300194;47.51021372707202;N19;N19;Radt Feche L Eglise;18;Sens 1;74973681;1;745;2026-01-01T00:00:00+01:00;2026-02-01T00:00:00+01:00
5092;MXT90.E2;10;DIR Est;6.969556338575969;47.51028221972128;N19;N19;Radt Feche L Eglise;18;Sens 2;80189466;1;745;2026-01-01T00:00:00+01:00;2026-02-01T00:00:00+01:00
5212;MZH52.F1;10;DIR Est;5.352836620454337;47.85648214561268;N19;N19;Radt Chatenay;67;Sens 1;78470119;1;745;2026-01-01T00:00:00+01:00;2026-02-01T00:00:00+01:00
5082;MZH52.F2;10;DIR Est;5.352806392278806;47.85657746747483;N19;N19;Radt Chatenay;67;Sens 2;78470119;1;745;2026-01-01T00:00:00+01:00;2026-02-01T00:00:00+01:00
5209;MZH52.P1;10;DIR Est;5.295045990680498;47.90728404824872;N19;N19;Radt Humes;58;Sens 1;78467082;1;745;2026-01-01T00:00:00+01:00;2026-02-01T00:00:00+01:00
5211;MZH52.P2;10;DIR Est;5.295080850028226;47.90737777565067;N19;N19;Radt Humes;58;Sens 2;78467082;1;745;2026-01-01T00:00:00+01:00;2026-02-01T00:00:00+01:00
5213;MZH52.Q1;10;DIR Est;5.330175178781725;47.86436122866414;N19;N19;RADT Langres;64;Sens 1;78469295;1;745;2026-01-01T00:00:00+01:00;2026-02-01T00:00:00+01:00
5026;MZH52.Q2;10;DIR Est;5.330273727085221;47.86437820605729;N19;N19;RADT Langres;64;Sens 2;78469295;1;745;2026-01-01T00:00:00+01:00;2026-02-01T00:00:00+01:00
5067;MZV88.D1;10;DIR Est;6.523029702810508;47.98791909341327;N57;N57;Radt Olichamp;62;Sens 1;87060559;1;745;2026-01-01T00:00:00+01:00;2026-02-01T00:00:00+01:00
5068;MZV88.D2;10;DIR Est;6.52305917759019;47.98783159049127;N57;N57;Radt Olichamp;62;Sens 2;75615036;1;745;2026-01-01T00:00:00+01:00;2026-02-01T00:00:00+01:00
4990;MZV88.H1;10;DIR Est;6.62961063528794;47.96848130876062;N66;N66;Radt Lepanges;8;Sens 1;75617082;1;745;2026-01-01T00:00:00+01:00;2026-02-01T00:00:00+01:00
5011;MZV88.H2;10;DIR Est;6.629753217657855;47.96848188533887;N66;N66;Radt Lepanges;8;Sens 2;75617079;1;745;2026-01-01T00:00:00+01:00;2026-02-01T00:00:00+01:00
5234;MZV88.Q1;10;DIR Est;6.591311491888004;48.02411588438345;N66;N66;Radt Remiremont;1;Sens 1;81659472;1;745;2026-01-01T00:00:00+01:00;2026-02-01T00:00:00+01:00
5081;MZV88.Q2;10;DIR Est;6.591359182048904;48.02419059343987;N66;N66;Radt Remiremont;1;Sens 2;75609882;1;745;2026-01-01T00:00:00+01:00;2026-02-01T00:00:00+01:00
5261;MZV88.R1;10;DIR Est;6.889171764683104;47.88913388100124;N66;N66;RADT Bussang;37;Sens 1;84057836;1;745;2026-01-01T00:00:00+01:00;2026-02-01T00:00:00+01:00
5029;MZV88.R2;10;DIR Est;6.889157524737188;47.88923286192838;N66;N66;RADT Bussang;37;Sens 2;84057836;1;745;2026-01-01T00:00:00+01:00;2026-02-01T00:00:00+01:00
3501;MXC21.41;5;DIR Centre-Est;4.618491230414832;47.28182815830025;;;;;;;0;0;;
3500;MXC21.42;5;DIR Centre-Est;4.618395059950204;47.28189561151865;;;;;;;0;0;;
3442;MXC21.51;5;DIR Centre-Est;4.809030425207227;47.29754801310456;;;;;;;0;0;;
3443;MXC21.52;5;DIR Centre-Est;4.809031893908429;47.29763840654353;;;;;;;0;0;;
3481;MXC21.C1;5;DIR Centre-Est;5.078305839706833;47.3088249206898;;;;;;;0;0;;
3480;MXC21.C2;5;DIR Centre-Est;5.078151883535739;47.30883875684456;;;;;;;0;0;;
3309;MXC21.D1;5;DIR Centre-Est;5.073044800877339;47.30001299069838;;;;;;;0;0;;
3308;MXC21.D2;5;DIR Centre-Est;5.072925211722175;47.30008625066029;;;;;;;0;0;;
3361;MXC21.H1;5;DIR Centre-Est;5.007122534037398;47.34731358442316;;;;;;;0;0;;
3360;MXC21.H2;5;DIR Centre-Est;5.0071768622032;47.34726944915615;;;;;;;0;0;;
3358;MXC21.H3;5;DIR Centre-Est;5.006752756170611;47.347571759839;;;;;;;0;0;;
3359;MXC21.H4;5;DIR Centre-Est;5.007820801384262;47.34696969505729;;;;;;;0;0;;
3095;MXC21.I1;5;DIR Centre-Est;5.000092777519581;47.34611938317516;;;;;;;0;0;;
3091;MXC21.I2;5;DIR Centre-Est;4.997717756505302;47.34600091863327;;;;;;;0;0;;
3094;MXC21.I3;5;DIR Centre-Est;4.997715840913734;47.34608417905184;;;;;;;0;0;;
3093;MXC21.I4;5;DIR Centre-Est;5.000090639937095;47.3460634001673;;;;;;;0;0;;
3092;MXC21.I5;5;DIR Centre-Est;4.998469223013671;47.34554622754544;;;;;;;0;0;;
3090;MXC21.I6;5;DIR Centre-Est;4.998397303698351;47.34557127809347;;;;;;;0;0;;
3430;MXC21.J1;5;DIR Centre-Est;4.983347482341763;47.33509701895325;;;;;;;0;0;;
3432;MXC21.J2;5;DIR Centre-Est;4.980610176317691;47.33309512490572;;;;;;;0;0;;
3434;MXC21.J3;5;DIR Centre-Est;4.980571187346388;47.33311689175286;;;;;;;0;0;;
3433;MXC21.J4;5;DIR Centre-Est;4.983410632420812;47.33506020376889;;;;;;;0;0;;
3435;MXC21.J5;5;DIR Centre-Est;4.982601505582045;47.33409420201895;;;;;;;0;0;;
3431;MXC21.J6;5;DIR Centre-Est;4.98254381016242;47.33403946742529;;;;;;;0;0;;
3272;MXC21.i1;5;DIR Centre-Est;4.996762161536512;47.34576655243133;;;;;;;0;0;;
3274;MXC21.i2;5;DIR Centre-Est;4.996696570950307;47.34574700482388;;;;;;;0;0;;
3271;MXC21.i3;5;DIR Centre-Est;4.997782353148262;47.34472521603575;;;;;;;0;0;;
3273;MXC21.i4;5;DIR Centre-Est;4.997741949038532;47.34466056946018;;;;;;;0;0;;
3129;MXS71.F1;5;DIR Centre-Est;4.315127794352871;46.63117669847747;N0070;N70;MXS71.F;127;Sens 1;74451951;1;745;2026-01-01T00:00:00+01:00;2026-02-01T00:00:00+01:00
3130;MXS71.F2;5;DIR Centre-Est;4.315073339916651;46.63126345830953;N0070;N70;MXS71.F;127;Sens 2;74451952;1;745;2026-01-01T00:00:00+01:00;2026-02-01T00:00:00+01:00
3334;MXS71.P1;5;DIR Centre-Est;4.629283259976432;46.3916323558275;N0079;N79;MXS71.P;59;Sens 1;74494878;1;745;2026-01-01T00:00:00+01:00;2026-02-01T00:00:00+01:00
3335;MXS71.P2;5;DIR Centre-Est;4.629202761104567;46.391704637421;N0079;N79;MXS71.P;59;Sens 2;74496458;1;745;2026-01-01T00:00:00+01:00;2026-02-01T00:00:00+01:00
3285;MXS71.R1;5;DIR Centre-Est;4.745085798391234;46.76023324147236;N0080;N80;MXS71.R;18;Sens 1;84039760;1;745;2026-01-01T00:00:00+01:00;2026-02-01T00:00:00+01:00
3286;MXS71.R2;5;DIR Centre-Est;4.745101910632211;46.76014125536462;N0080;N80;MXS71.R;18;Sens 2;79403183;1;745;2026-01-01T00:00:00+01:00;2026-02-01T00:00:00+01:00
3214;MXS71.T1;5;DIR Centre-Est;4.151701396611285;46.46683168913993;N0079;N79;MXS71.T;15;Sens 1;74481382;1;745;2026-01-01T00:00:00+01:00;2026-02-01T00:00:00+01:00
3215;MXS71.T2;5;DIR Centre-Est;4.151806435132875;46.46688245428981;N0079;N79;MXS71.T;15;Sens 2;74481268;1;745;2026-01-01T00:00:00+01:00;2026-02-01T00:00:00+01:00
3127;MXS71.U1;5;DIR Centre-Est;4.04328318114857;46.46782568794401;N0079;N79;MXS71.U;4;Sens 1;74483375;1;745;2026-01-01T00:00:00+01:00;2026-02-01T00:00:00+01:00
3128;MXS71.U2;5;DIR Centre-Est;4.043315905268277;46.46791402415719;N0079;N79;MXS71.U;4;Sens 2;74483378;1;745;2026-01-01T00:00:00+01:00;2026-02-01T00:00:00+01:00
