count_point_id;heure;flow_moy;pl_pct_moy;vitesse_moy
3127;0;104.01;;
3127;1;91.76;;
3127;2;95.71;;
3127;3;99.17;;
3127;4;108.37;;
3127;5;157.65;;
3127;6;248.26;;
3127;7;381.08;;
3127;8;437.23;;
3127;9;499.76;;
3127;10;561.15;;
3127;11;598.2;;
3127;12;546.3;;
3127;13;552.86;;
3127;14;605.66;;
3127;15;623.91;;
3127;16;623.94;;
3127;17;595.54;;
3127;18;513.82;;
3127;19;386.17;;
3127;20;262.16;;
3127;21;200.74;;
3127;22;157.5;;
3127;23;126.21;;
3128;0;96.75;;
3128;1;86.86;;
3128;2;79.06;;
3128;3;78.35;;
3128;4;89.77;;
3128;5;162.25;;
3128;6;255.49;;
3128;7;400.14;;
3128;8;491.18;;
3128;9;622.84;;
3128;10;713.66;;
3128;11;765.69;;
3128;12;691.94;;
3128;13;663.05;;
3128;14;712.15;;
3128;15;711.4;;
3128;16;713.01;;
3128;17;688.86;;
3128;18;596.14;;
3128;19;452.98;;
3128;20;310.71;;
3128;21;240.8;;
3128;22;180.08;;
3128;23;130.4;;
3129;0;79.51;;
3129;1;62.7;;
3129;2;63.56;;
3129;3;78.37;;
3129;4;130.26;;
3129;5;177.21;;
3129;6;348.95;;
3129;7;607.54;;
3129;8;658.55;;
3129;9;558.36;;
3129;10;570.7;;
3129;11;593.16;;
3129;12;568.51;;
3129;13;616.25;;
3129;14;669.75;;
3129;15;679.53;;
3129;16;688.57;;
3129;17;665.2;;
3129;18;566.85;;
3129;19;398.07;;
3129;20;265.31;;
3129;21;179.16;;
3129;22;137.5;;
3129;23;104.65;;
3130;0;95.42;;
3130;1;81.86;;
3130;2;68.19;;
3130;3;76.37;;
3130;4;89.32;;
3130;5;159.82;;
3130;6;257.08;;
3130;7;419.89;;
3130;8;515.77;;
3130;9;597.73;;
3130;10;639.75;;
3130;11;694.2;;
3130;12;632.32;;
3130;13;603.83;;
3130;14;627.01;;
3130;15;662.31;;
3130;16;762.53;;
3130;17;813.02;;
3130;18;678.96;;
3130;19;492.54;;
3130;20;280.94;;
3130;21;217.87;;
3130;22;169.61;;
3130;23;128.34;;
3214;0;72.13;;
3214;1;65.62;;
3214;2;64.49;;
3214;3;69.25;;
3214;4;69.35;;
3214;5;97.82;;
3214;6;176.04;;
3214;7;291.11;;
3214;8;328.93;;
3214;9;338.45;;
3214;10;401.64;;
3214;11;448.85;;
3214;12;419.23;;
3214;13;410.55;;
3214;14;467.49;;
3214;15;507.94;;
3214;16;552.72;;
3214;17;563.11;;
3214;18;484.43;;
3214;19;346.7;;
3214;20;207.08;;
3214;21;142.18;;
3214;22;113.76;;
3214;23;89.29;;
3215;0;50.76;;
3215;1;42.58;;
3215;2;35.01;;
3215;3;31.83;;
3215;4;38.94;;
3215;5;73.17;;
3215;6;154.45;;
3215;7;290.64;;
3215;8;381.83;;
3215;9;430.18;;
3215;10;460.78;;
3215;11;500.77;;
3215;12;464.16;;
3215;13;445.25;;
3215;14;485.85;;
3215;15;498.46;;
3215;16;494.93;;
3215;17;497.41;;
3215;18;429.23;;
3215;19;325.29;;
3215;20;219.0;;
3215;21;157.3;;
3215;22;109.56;;
3215;23;72.92;;
3285;0;125.43;;
3285;1;91.25;;
3285;2;75.1;;
3285;3;76.62;;
3285;4;108.04;;
3285;5;192.8;;
3285;6;349.73;;
3285;7;652.6;;
3285;8;755.32;;
3285;9;687.97;;
3285;10;724.25;;
3285;11;771.22;;
3285;12;720.57;;
3285;13;709.16;;
3285;14;738.81;;
3285;15;769.42;;
3285;16;936.28;;
3285;17;992.82;;
3285;18;879.95;;
3285;19;593.24;;
3285;20;366.5;;
3285;21;292.32;;
3285;22;216.47;;
3285;23;168.75;;
3286;0;96.63;;
3286;1;75.74;;
3286;2;68.82;;
3286;3;84.37;;
3286;4;129.74;;
3286;5;199.52;;
3286;6;392.84;;
3286;7;813.24;;
3286;8;828.24;;
3286;9;715.47;;
3286;10;724.21;;
3286;11;738.32;;
3286;12;716.44;;
3286;13;782.48;;
3286;14;844.43;;
3286;15;868.34;;
3286;16;908.22;;
3286;17;929.54;;
3286;18;754.38;;
3286;19;529.9;;
3286;20;315.94;;
3286;21;211.85;;
3286;22;165.28;;
3286;23;122.84;;
3334;0;78.78;;
3334;1;67.39;;
3334;2;59.49;;
3334;3;62.16;;
3334;4;70.44;;
3334;5;109.63;;
3334;6;193.41;;
3334;7;327.7;;
3334;8;394.15;;
3334;9;418.3;;
3334;10;463.99;;
3334;11;512.92;;
3334;12;464.78;;
3334;13;437.67;;
3334;14;476.37;;
3334;15;497.87;;
3334;16;528.11;;
3334;17;564.71;;
3334;18;509.46;;
3334;19;382.3;;
3334;20;240.9;;
3334;21;164.76;;
3334;22;122.7;;
3334;23;94.89;;
3335;0;23.4;;
3335;1;19.83;;
3335;2;17.52;;
3335;3;16.12;;
3335;4;19.78;;
3335;5;39.12;;
3335;6;76.46;;
3335;7;124.75;;
3335;8;150.6;;
3335;9;160.92;;
3335;10;177.6;;
3335;11;192.76;;
3335;12;172.36;;
3335;13;164.54;;
3335;14;179.79;;
3335;15;188.47;;
3335;16;197.17;;
3335;17;203.33;;
3335;18;177.06;;
3335;19;136.8;;
3335;20;87.61;;
3335;21;62.22;;
3335;22;43.09;;
3335;23;31.09;;
4984;0;39.47;;
4984;1;29.82;;
4984;2;22.19;;
4984;3;24.95;;
4984;4;40.38;;
4984;5;70.16;;
4984;6;144.74;;
4984;7;313.56;;
4984;8;368.6;;
4984;9;390.38;;
4984;10;473.6;;
4984;11;514.16;;
4984;12;471.97;;
4984;13;419.07;;
4984;14;452.47;;
4984;15;489.92;;
4984;16;564.31;;
4984;17;619.69;;
4984;18;520.51;;
4984;19;329.76;;
4984;20;189.57;;
4984;21;117.53;;
4984;22;84.13;;
4984;23;59.24;;
4985;0;22.02;;
4985;1;16.64;;
4985;2;14.79;;
4985;3;17.34;;
4985;4;21.72;;
4985;5;38.96;;
4985;6;79.65;;
4985;7;149.26;;
4985;8;178.13;;
4985;9;191.14;;
4985;10;204.89;;
4985;11;223.32;;
4985;12;188.55;;
4985;13;180.14;;
4985;14;196.64;;
4985;15;205.51;;
4985;16;215.29;;
4985;17;222.89;;
4985;18;195.07;;
4985;19;140.37;;
4985;20;81.43;;
4985;21;54.16;;
4985;22;43.29;;
4985;23;33.91;;
4986;0;130.61;;
4986;1;77.46;;
4986;2;54.83;;
4986;3;65.81;;
4986;4;131.92;;
4986;5;236.85;;
4986;6;616.85;;
4986;7;1591.53;;
4986;8;1647.49;;
4986;9;1203.78;;
4986;10;1200.35;;
4986;11;1223.22;;
4986;12;1240.8;;
4986;13;1375.23;;
4986;14;1293.11;;
4986;15;1235.64;;
4986;16;1304.87;;
4986;17;1291.58;;
4986;18;1145.92;;
4986;19;853.62;;
4986;20;561.14;;
4986;21;395.23;;
4986;22;289.0;;
4986;23;219.56;;
4987;0;135.41;;
4987;1;84.59;;
4987;2;62.42;;
4987;3;49.98;;
4987;4;95.47;;
4987;5;158.91;;
4987;6;398.95;;
4987;7;864.02;;
4987;8;1025.4;;
4987;9;961.28;;
4987;10;1113.12;;
4987;11;1309.06;;
4987;12;1430.98;;
4987;13;1223.28;;
4987;14;1303.08;;
4987;15;1442.71;;
4987;16;1875.84;;
4987;17;2006.88;;
4987;18;1606.94;;
4987;19;1126.26;;
4987;20;671.48;;
4987;21;472.02;;
4987;22;312.59;;
4987;23;220.48;;
4989;0;13.51;;
4989;1;9.95;;
4989;2;8.43;;
4989;3;9.67;;
4989;4;16.54;;
4989;5;28.53;;
4989;6;52.04;;
4989;7;76.95;;
4989;8;101.89;;
4989;9;118.03;;
4989;10;134.23;;
4989;11;142.34;;
4989;12;127.2;;
4989;13;119.98;;
4989;14;125.84;;
4989;15;136.35;;
4989;16;140.93;;
4989;17;148.79;;
4989;18;126.92;;
4989;19;94.7;;
4989;20;62.56;;
4989;21;45.61;;
4989;22;32.57;;
4989;23;20.23;;
4990;0;31.59;;
4990;1;23.33;;
4990;2;16.76;;
4990;3;16.73;;
4990;4;38.17;;
4990;5;46.99;;
4990;6;91.37;;
4990;7;178.45;;
4990;8;197.4;;
4990;9;188.08;;
4990;10;217.45;;
4990;11;248.19;;
4990;12;244.02;;
4990;13;210.87;;
4990;14;233.92;;
4990;15;270.12;;
4990;16;344.17;;
4990;17;394.58;;
4990;18;340.16;;
4990;19;218.35;;
4990;20;122.81;;
4990;21;82.84;;
4990;22;63.82;;
4990;23;45.74;;
4991;0;92.81;;
4991;1;65.84;;
4991;2;55.3;;
4991;3;72.36;;
4991;4;126.47;;
4991;5;153.94;;
4991;6;294.91;;
4991;7;801.82;;
4991;8;853.77;;
4991;9;780.29;;
4991;10;855.61;;
4991;11;926.91;;
4991;12;904.89;;
4991;13;926.13;;
4991;14;929.72;;
4991;15;990.86;;
4991;16;1118.49;;
4991;17;1122.08;;
4991;18;900.68;;
4991;19;617.8;;
4991;20;430.82;;
4991;21;251.71;;
4991;22;189.9;;
4991;23;131.03;;
4992;0;78.99;;
4992;1;59.86;;
4992;2;56.44;;
4992;3;83.36;;
4992;4;172.74;;
4992;5;174.01;;
4992;6;335.65;;
4992;7;707.04;;
4992;8;881.73;;
4992;9;894.62;;
4992;10;986.49;;
4992;11;1063.83;;
4992;12;1024.69;;
4992;13;910.1;;
4992;14;987.45;;
4992;15;1034.61;;
4992;16;1151.85;;
4992;17;1241.85;;
4992;18;928.52;;
4992;19;627.94;;
4992;20;399.18;;
4992;21;234.35;;
4992;22;173.39;;
4992;23;115.39;;
4993;0;44.25;;
4993;1;32.38;;
4993;2;28.21;;
4993;3;25.77;;
4993;4;42.25;;
4993;5;78.83;;
4993;6;225.93;;
4993;7;237.59;;
4993;8;235.8;;
4993;9;340.59;;
4993;10;374.39;;
4993;11;371.68;;
4993;12;336.44;;
4993;13;372.59;;
4993;14;394.28;;
4993;15;401.99;;
4993;16;435.74;;
4993;17;479.21;;
4993;18;432.6;;
4993;19;326.72;;
4993;20;199.28;;
4993;21;127.37;;
4993;22;94.09;;
4993;23;68.38;;
4994;0;19.09;;
4994;1;19.01;;
4994;2;18.76;;
4994;3;25.87;;
4994;4;27.03;;
4994;5;33.32;;
4994;6;55.89;;
4994;7;107.95;;
4994;8;106.93;;
4994;9;106.27;;
4994;10;108.12;;
4994;11;104.53;;
4994;12;89.89;;
4994;13;105.62;;
4994;14;121.76;;
4994;15;122.03;;
4994;16;127.41;;
4994;17;126.23;;
4994;18;108.83;;
4994;19;84.09;;
4994;20;53.84;;
4994;21;38.98;;
4994;22;31.81;;
4994;23;24.73;;
4995;0;75.15;;
4995;1;61.81;;
4995;2;56.45;;
4995;3;63.02;;
4995;4;101.1;;
4995;5;143.92;;
4995;6;301.35;;
4995;7;561.14;;
4995;8;589.41;;
4995;9;516.13;;
4995;10;542.62;;
4995;11;587.78;;
4995;12;551.74;;
4995;13;557.22;;
4995;14;577.87;;
4995;15;624.71;;
4995;16;730.96;;
4995;17;808.73;;
4995;18;676.02;;
4995;19;447.49;;
4995;20;284.04;;
4995;21;193.48;;
4995;22;141.07;;
4995;23;103.93;;
4996;0;53.71;;
4996;1;35.83;;
4996;2;29.7;;
4996;3;26.69;;
4996;4;34.55;;
4996;5;59.93;;
4996;6;132.85;;
4996;7;242.2;;
4996;8;291.25;;
4996;9;308.71;;
4996;10;362.65;;
4996;11;431.5;;
4996;12;413.99;;
4996;13;374.86;;
4996;14;401.07;;
4996;15;421.1;;
4996;16;451.59;;
4996;17;466.27;;
4996;18;452.99;;
4996;19;341.9;;
4996;20;199.61;;
4996;21;152.03;;
4996;22;117.66;;
4996;23;88.31;;
4997;0;65.13;;
4997;1;44.45;;
4997;2;36.06;;
4997;3;42.18;;
4997;4;65.95;;
4997;5;112.85;;
4997;6;223.84;;
4997;7;496.32;;
4997;8;559.63;;
4997;9;522.05;;
4997;10;560.19;;
4997;11;595.91;;
4997;12;545.43;;
4997;13;560.18;;
4997;14;570.23;;
4997;15;591.93;;
4997;16;657.57;;
4997;17;718.9;;
4997;18;608.26;;
4997;19;416.03;;
4997;20;263.31;;
4997;21;189.49;;
4997;22;139.7;;
4997;23;95.66;;
4998;0;54.44;;
4998;1;42.61;;
4998;2;40.62;;
4998;3;51.18;;
4998;4;69.09;;
4998;5;121.23;;
4998;6;234.72;;
4998;7;425.42;;
4998;8;477.34;;
4998;9;454.86;;
4998;10;486.6;;
4998;11;518.13;;
4998;12;468.29;;
4998;13;476.09;;
4998;14;497.51;;
4998;15;540.1;;
4998;16;605.06;;
4998;17;641.23;;
4998;18;515.68;;
4998;19;354.84;;
4998;20;215.16;;
4998;21;149.39;;
4998;22;104.32;;
4998;23;71.34;;
4999;0;43.8;;
4999;1;33.08;;
4999;2;28.2;;
4999;3;34.03;;
4999;4;60.17;;
4999;5;89.42;;
4999;6;187.14;;
4999;7;403.77;;
4999;8;450.53;;
4999;9;415.95;;
4999;10;462.26;;
4999;11;496.16;;
4999;12;460.58;;
4999;13;470.39;;
4999;14;504.29;;
4999;15;531.53;;
4999;16;577.78;;
4999;17;620.44;;
4999;18;512.41;;
4999;19;336.06;;
4999;20;203.9;;
4999;21;138.05;;
4999;22;98.31;;
4999;23;65.14;;
5000;0;29.46;;
5000;1;23.18;;
5000;2;24.63;;
5000;3;33.22;;
5000;4;49.59;;
5000;5;72.79;;
5000;6;130.92;;
5000;7;284.36;;
5000;8;317.23;;
5000;9;265.32;;
5000;10;269.96;;
5000;11;282.81;;
5000;12;238.49;;
5000;13;262.2;;
5000;14;267.74;;
5000;15;273.96;;
5000;16;291.65;;
5000;17;301.63;;
5000;18;242.94;;
5000;19;168.1;;
5000;20;97.79;;
5000;21;67.71;;
5000;22;50.81;;
5000;23;36.36;;
5001;0;28.97;;
5001;1;19.71;;
5001;2;15.98;;
5001;3;21.13;;
5001;4;31.66;;
5001;5;38.13;;
5001;6;84.79;;
5001;7;186.52;;
5001;8;200.75;;
5001;9;203.34;;
5001;10;228.29;;
5001;11;251.99;;
5001;12;241.14;;
5001;13;239.88;;
5001;14;269.07;;
5001;15;291.1;;
5001;16;339.41;;
5001;17;379.13;;
5001;18;297.74;;
5001;19;190.21;;
5001;20;128.82;;
5001;21;87.1;;
5001;22;64.74;;
5001;23;43.01;;
5002;0;28.5;;
5002;1;25.37;;
5002;2;22.11;;
5002;3;33.11;;
5002;4;64.49;;
5002;5;67.51;;
5002;6;115.78;;
5002;7;290.12;;
5002;8;301.84;;
5002;9;234.99;;
5002;10;222.46;;
5002;11;215.38;;
5002;12;190.64;;
5002;13;235.8;;
5002;14;242.62;;
5002;15;243.54;;
5002;16;256.05;;
5002;17;262.43;;
5002;18;196.89;;
5002;19;141.75;;
5002;20;92.67;;
5002;21;63.84;;
5002;22;47.14;;
5002;23;37.19;;
5003;0;24.49;;
5003;1;15.99;;
5003;2;13.37;;
5003;3;18.14;;
5003;4;30.86;;
5003;5;42.82;;
5003;6;83.03;;
5003;7;160.45;;
5003;8;179.74;;
5003;9;191.18;;
5003;10;226.37;;
5003;11;261.78;;
5003;12;264.59;;
5003;13;231.69;;
5003;14;237.17;;
5003;15;266.2;;
5003;16;327.81;;
5003;17;358.34;;
5003;18;296.65;;
5003;19;211.78;;
5003;20;132.92;;
5003;21;83.1;;
5003;22;60.02;;
5003;23;37.8;;
5004;0;30.79;;
5004;1;25.46;;
5004;2;20.93;;
5004;3;28.28;;
5004;4;36.18;;
5004;5;60.29;;
5004;6;116.96;;
5004;7;241.18;;
5004;8;267.62;;
5004;9;249.27;;
5004;10;261.53;;
5004;11;271.02;;
5004;12;243.25;;
5004;13;251.6;;
5004;14;258.72;;
5004;15;256.79;;
5004;16;272.34;;
5004;17;273.79;;
5004;18;236.47;;
5004;19;160.02;;
5004;20;109.81;;
5004;21;74.57;;
5004;22;57.1;;
5004;23;42.44;;
5005;0;72.28;;
5005;1;42.5;;
5005;2;30.28;;
5005;3;27.1;;
5005;4;52.13;;
5005;5;148.55;;
5005;6;427.99;;
5005;7;896.61;;
5005;8;875.67;;
5005;9;794.8;;
5005;10;820.36;;
5005;11;845.09;;
5005;12;799.12;;
5005;13;819.92;;
5005;14;846.47;;
5005;15;865.6;;
5005;16;1007.46;;
5005;17;1190.42;;
5005;18;1050.24;;
5005;19;699.96;;
5005;20;376.01;;
5005;21;241.95;;
5005;22;174.32;;
5005;23;123.31;;
5009;0;22.33;;
5009;1;17.84;;
5009;2;15.9;;
5009;3;14.26;;
5009;4;20.63;;
5009;5;34.49;;
5009;6;78.5;;
5009;7;121.49;;
5009;8;143.77;;
5009;9;155.79;;
5009;10;175.46;;
5009;11;194.38;;
5009;12;180.41;;
5009;13;185.4;;
5009;14;211.05;;
5009;15;221.04;;
5009;16;242.38;;
5009;17;256.08;;
5009;18;231.63;;
5009;19;155.53;;
5009;20;95.81;;
5009;21;66.24;;
5009;22;49.48;;
5009;23;33.93;;
5010;0;40.85;;
5010;1;27.91;;
5010;2;24.55;;
5010;3;22.12;;
5010;4;31.15;;
5010;5;58.29;;
5010;6;128.87;;
5010;7;234.48;;
5010;8;303.03;;
5010;9;287.54;;
5010;10;319.56;;
5010;11;355.14;;
5010;12;324.54;;
5010;13;317.31;;
5010;14;341.04;;
5010;15;358.7;;
5010;16;387.93;;
5010;17;417.4;;
5010;18;367.56;;
5010;19;258.2;;
5010;20;147.97;;
5010;21;103.26;;
5010;22;82.31;;
5010;23;63.22;;
5011;0;20.94;;
5011;1;14.01;;
5011;2;11.34;;
5011;3;12.97;;
5011;4;33.09;;
5011;5;58.73;;
5011;6;125.53;;
5011;7;304.92;;
5011;8;301.15;;
5011;9;251.68;;
5011;10;253.6;;
5011;11;243.85;;
5011;12;216.51;;
5011;13;281.42;;
5011;14;279.57;;
5011;15;273.99;;
5011;16;297.87;;
5011;17;305.07;;
5011;18;234.42;;
5011;19;154.63;;
5011;20;91.94;;
5011;21;70.43;;
5011;22;39.89;;
5011;23;28.05;;
5012;0;28.01;;
5012;1;22.52;;
5012;2;22.74;;
5012;3;32.74;;
5012;4;56.94;;
5012;5;70.28;;
5012;6;141.21;;
5012;7;321.02;;
5012;8;360.78;;
5012;9;292.62;;
5012;10;285.68;;
5012;11;296.66;;
5012;12;252.32;;
5012;13;273.41;;
5012;14;285.37;;
5012;15;289.64;;
5012;16;301.65;;
5012;17;314.6;;
5012;18;253.31;;
5012;19;177.95;;
5012;20;106.86;;
5012;21;68.48;;
5012;22;50.41;;
5012;23;36.44;;
5015;0;30.67;;
5015;1;20.27;;
5015;2;17.83;;
5015;3;20.83;;
5015;4;31.82;;
5015;5;43.65;;
5015;6;93.53;;
5015;7;184.4;;
5015;8;207.98;;
5015;9;211.89;;
5015;10;241.8;;
5015;11;271.13;;
5015;12;269.06;;
5015;13;255.3;;
5015;14;289.02;;
5015;15;312.57;;
5015;16;373.96;;
5015;17;415.5;;
5015;18;324.72;;
5015;19;209.89;;
5015;20;143.89;;
5015;21;89.91;;
5015;22;68.53;;
5015;23;44.27;;
5016;0;59.63;;
5016;1;44.8;;
5016;2;35.36;;
5016;3;62.66;;
5016;4;155.03;;
5016;5;153.84;;
5016;6;290.99;;
5016;7;851.4;;
5016;8;969.28;;
5016;9;736.6;;
5016;10;690.95;;
5016;11;643.43;;
5016;12;578.46;;
5016;13;749.24;;
5016;14;715.92;;
5016;15;702.91;;
5016;16;766.44;;
5016;17;773.09;;
5016;18;557.39;;
5016;19;379.92;;
5016;20;252.11;;
5016;21;145.83;;
5016;22;108.49;;
5016;23;80.23;;
5017;0;62.67;;
5017;1;39.35;;
5017;2;31.78;;
5017;3;43.63;;
5017;4;73.32;;
5017;5;80.28;;
5017;6;167.12;;
5017;7;397.42;;
5017;8;449.46;;
5017;9;477.34;;
5017;10;599.58;;
5017;11;734.27;;
5017;12;767.67;;
5017;13;571.8;;
5017;14;595.12;;
5017;15;685.79;;
5017;16;923.16;;
5017;17;1088.6;;
5017;18;873.58;;
5017;19;574.28;;
5017;20;353.76;;
5017;21;203.04;;
5017;22;160.02;;
5017;23;96.74;;
5018;0;28.05;;
5018;1;22.47;;
5018;2;18.47;;
5018;3;19.42;;
5018;4;26.0;;
5018;5;43.07;;
5018;6;96.44;;
5018;7;185.04;;
5018;8;231.23;;
5018;9;217.31;;
5018;10;238.39;;
5018;11;267.0;;
5018;12;255.64;;
5018;13;250.31;;
5018;14;268.31;;
5018;15;293.31;;
5018;16;347.29;;
5018;17;371.12;;
5018;18;304.57;;
5018;19;206.73;;
5018;20;123.49;;
5018;21;79.69;;
5018;22;60.84;;
5018;23;41.58;;
5026;0;29.76;;
5026;1;19.62;;
5026;2;14.61;;
5026;3;13.96;;
5026;4;30.05;;
5026;5;41.7;;
5026;6;75.99;;
5026;7;204.83;;
5026;8;248.57;;
5026;9;272.75;;
5026;10;314.79;;
5026;11;355.72;;
5026;12;350.46;;
5026;13;312.88;;
5026;14;303.46;;
5026;15;356.14;;
5026;16;409.29;;
5026;17;483.84;;
5026;18;419.15;;
5026;19;292.83;;
5026;20;168.53;;
5026;21;102.55;;
5026;22;76.54;;
5026;23;52.05;;
5027;0;30.31;;
5027;1;17.3;;
5027;2;11.26;;
5027;3;10.35;;
5027;4;18.86;;
5027;5;41.28;;
5027;6;119.64;;
5027;7;235.15;;
5027;8;240.79;;
5027;9;231.15;;
5027;10;247.46;;
5027;11;268.53;;
5027;12;254.27;;
5027;13;268.36;;
5027;14;278.17;;
5027;15;287.2;;
5027;16;334.11;;
5027;17;373.45;;
5027;18;345.14;;
5027;19;246.94;;
5027;20;144.91;;
5027;21;92.77;;
5027;22;72.82;;
5027;23;48.22;;
5029;0;11.65;;
5029;1;7.84;;
5029;2;6.63;;
5029;3;4.61;;
5029;4;8.31;;
5029;5;14.48;;
5029;6;33.29;;
5029;7;56.77;;
5029;8;64.52;;
5029;9;79.77;;
5029;10;92.14;;
5029;11;92.73;;
5029;12;84.55;;
5029;13;88.35;;
5029;14;101.71;;
5029;15;108.55;;
5029;16;117.27;;
5029;17;118.6;;
5029;18;100.16;;
5029;19;70.82;;
5029;20;42.14;;
5029;21;33.74;;
5029;22;22.28;;
5029;23;15.65;;
5037;0;72.32;;
5037;1;57.31;;
5037;2;52.74;;
5037;3;67.13;;
5037;4;115.69;;
5037;5;171.58;;
5037;6;349.58;;
5037;7;613.88;;
5037;8;561.44;;
5037;9;442.14;;
5037;10;451.5;;
5037;11;490.78;;
5037;12;459.53;;
5037;13;478.14;;
5037;14;491.85;;
5037;15;526.28;;
5037;16;611.17;;
5037;17;680.32;;
5037;18;595.77;;
5037;19;399.04;;
5037;20;259.51;;
5037;21;177.58;;
5037;22;128.58;;
5037;23;97.36;;
5038;0;38.9;;
5038;1;28.24;;
5038;2;22.19;;
5038;3;23.65;;
5038;4;35.76;;
5038;5;79.42;;
5038;6;193.7;;
5038;7;368.76;;
5038;8;400.34;;
5038;9;355.7;;
5038;10;355.21;;
5038;11;363.68;;
5038;12;327.74;;
5038;13;345.75;;
5038;14;366.94;;
5038;15;361.28;;
5038;16;401.36;;
5038;17;464.04;;
5038;18;419.73;;
5038;19;267.61;;
5038;20;158.43;;
5038;21;98.76;;
5038;22;76.46;;
5038;23;57.02;;
5049;0;38.37;;
5049;1;31.56;;
5049;2;28.89;;
5049;3;30.54;;
5049;4;42.42;;
5049;5;58.39;;
5049;6;110.25;;
5049;7;191.63;;
5049;8;214.32;;
5049;9;199.91;;
5049;10;217.97;;
5049;11;238.4;;
5049;12;218.66;;
5049;13;223.26;;
5049;14;231.25;;
5049;15;251.19;;
5049;16;289.02;;
5049;17;310.76;;
5049;18;260.21;;
5049;19;168.16;;
5049;20;108.28;;
5049;21;81.58;;
5049;22;61.88;;
5049;23;49.49;;
5050;0;69.96;;
5050;1;45.58;;
5050;2;33.95;;
5050;3;33.31;;
5050;4;64.99;;
5050;5;102.53;;
5050;6;194.51;;
5050;7;451.8;;
5050;8;536.33;;
5050;9;472.32;;
5050;10;503.23;;
5050;11;549.63;;
5050;12;523.34;;
5050;13;544.09;;
5050;14;557.74;;
5050;15;588.05;;
5050;16;707.83;;
5050;17;780.89;;
5050;18;630.93;;
5050;19;398.72;;
5050;20;257.26;;
5050;21;205.1;;
5050;22;149.98;;
5050;23;100.18;;
5051;0;111.06;;
5051;1;65.16;;
5051;2;45.62;;
5051;3;55.41;;
5051;4;109.58;;
5051;5;165.09;;
5051;6;383.36;;
5051;7;955.73;;
5051;8;1038.53;;
5051;9;887.48;;
5051;10;920.94;;
5051;11;999.34;;
5051;12;1009.66;;
5051;13;1030.78;;
5051;14;1042.58;;
5051;15;1004.31;;
5051;16;947.89;;
5051;17;821.75;;
5051;18;846.64;;
5051;19;732.89;;
5051;20;444.19;;
5051;21;319.36;;
5051;22;233.95;;
5051;23;170.73;;
5052;0;41.25;;
5052;1;28.33;;
5052;2;24.2;;
5052;3;21.07;;
5052;4;31.22;;
5052;5;52.42;;
5052;6;121.42;;
5052;7;328.46;;
5052;8;384.77;;
5052;9;302.87;;
5052;10;313.91;;
5052;11;363.35;;
5052;12;327.87;;
5052;13;325.34;;
5052;14;360.02;;
5052;15;404.34;;
5052;16;474.11;;
5052;17;535.08;;
5052;18;424.01;;
5052;19;278.32;;
5052;20;159.92;;
5052;21;121.19;;
5052;22;87.2;;
5052;23;64.1;;
5054;0;27.44;;
5054;1;20.5;;
5054;2;17.61;;
5054;3;22.94;;
5054;4;29.09;;
5054;5;52.84;;
5054;6;113.11;;
5054;7;248.12;;
5054;8;267.05;;
5054;9;256.75;;
5054;10;272.91;;
5054;11;285.04;;
5054;12;247.61;;
5054;13;242.39;;
5054;14;270.81;;
5054;15;284.9;;
5054;16;315.05;;
5054;17;328.2;;
5054;18;267.05;;
5054;19;180.24;;
5054;20;105.58;;
5054;21;71.68;;
5054;22;54.86;;
5054;23;42.08;;
5056;0;26.63;;
5056;1;16.18;;
5056;2;11.74;;
5056;3;14.23;;
5056;4;25.13;;
5056;5;35.61;;
5056;6;69.16;;
5056;7;132.84;;
5056;8;165.05;;
5056;9;164.51;;
5056;10;178.3;;
5056;11;190.57;;
5056;12;170.64;;
5056;13;173.82;;
5056;14;213.31;;
5056;15;225.29;;
5056;16;250.31;;
5056;17;268.95;;
5056;18;219.23;;
5056;19;151.55;;
5056;20;98.4;;
5056;21;67.99;;
5056;22;49.28;;
5056;23;36.08;;
5058;0;22.46;;
5058;1;14.97;;
5058;2;13.82;;
5058;3;25.65;;
5058;4;80.85;;
5058;5;413.62;;
5058;6;619.8;;
5058;7;365.99;;
5058;8;298.78;;
5058;9;272.96;;
5058;10;272.2;;
5058;11;264.93;;
5058;12;234.58;;
5058;13;213.31;;
5058;14;242.68;;
5058;15;249.85;;
5058;16;266.7;;
5058;17;280.15;;
5058;18;250.89;;
5058;19;174.18;;
5058;20;109.23;;
5058;21;75.78;;
5058;22;54.64;;
5058;23;35.19;;
5059;0;14.1;;
5059;1;9.36;;
5059;2;6.97;;
5059;3;9.7;;
5059;4;13.68;;
5059;5;32.58;;
5059;6;69.58;;
5059;7;144.3;;
5059;8;170.82;;
5059;9;184.73;;
5059;10;232.19;;
5059;11;247.36;;
5059;12;205.64;;
5059;13;203.06;;
5059;14;218.63;;
5059;15;237.09;;
5059;16;256.72;;
5059;17;280.77;;
5059;18;235.36;;
5059;19;154.86;;
5059;20;85.86;;
5059;21;50.42;;
5059;22;32.77;;
5059;23;20.54;;
5067;0;52.94;;
5067;1;39.46;;
5067;2;35.54;;
5067;3;40.31;;
5067;4;57.08;;
5067;5;94.42;;
5067;6;184.22;;
5067;7;318.75;;
5067;8;348.1;;
5067;9;348.4;;
5067;10;394.86;;
5067;11;409.32;;
5067;12;359.01;;
5067;13;354.38;;
5067;14;398.62;;
5067;15;433.52;;
5067;16;500.42;;
5067;17;544.87;;
5067;18;446.73;;
5067;19;300.1;;
5067;20;178.05;;
5067;21;129.89;;
5067;22;94.59;;
5067;23;68.82;;
5068;0;40.36;;
5068;1;31.41;;
5068;2;30.19;;
5068;3;32.55;;
5068;4;43.11;;
5068;5;80.23;;
5068;6;177.35;;
5068;7;354.61;;
5068;8;386.41;;
5068;9;367.68;;
5068;10;394.27;;
5068;11;410.69;;
5068;12;373.38;;
5068;13;409.73;;
5068;14;440.72;;
5068;15;469.06;;
5068;16;484.81;;
5068;17;503.28;;
5068;18;417.29;;
5068;19;288.84;;
5068;20;172.56;;
5068;21;115.16;;
5068;22;86.05;;
5068;23;57.22;;
5072;0;83.1;;
5072;1;64.09;;
5072;2;56.57;;
5072;3;72.14;;
5072;4;164.82;;
5072;5;269.98;;
5072;6;498.34;;
5072;7;958.32;;
5072;8;869.11;;
5072;9;637.76;;
5072;10;621.44;;
5072;11;646.55;;
5072;12;627.09;;
5072;13;683.11;;
5072;14;691.16;;
5072;15;700.31;;
5072;16;777.24;;
5072;17;851.14;;
5072;18;703.51;;
5072;19;501.32;;
5072;20;332.44;;
5072;21;213.99;;
5072;22;156.09;;
5072;23;118.0;;
5074;0;102.31;;
5074;1;64.42;;
5074;2;44.49;;
5074;3;42.13;;
5074;4;66.91;;
5074;5;125.31;;
5074;6;260.17;;
5074;7;546.28;;
5074;8;622.53;;
5074;9;573.88;;
5074;10;649.93;;
5074;11;744.06;;
5074;12;726.83;;
5074;13;709.48;;
5074;14;772.89;;
5074;15;861.77;;
5074;16;1128.69;;
5074;17;1178.27;;
5074;18;935.68;;
5074;19;595.36;;
5074;20;371.24;;
5074;21;293.5;;
5074;22;207.14;;
5074;23;148.54;;
5076;0;36.49;;
5076;1;26.65;;
5076;2;23.11;;
5076;3;21.78;;
5076;4;36.01;;
5076;5;72.01;;
5076;6;168.86;;
5076;7;257.46;;
5076;8;275.38;;
5076;9;278.46;;
5076;10;291.75;;
5076;11;302.53;;
5076;12;275.05;;
5076;13;296.35;;
5076;14;315.22;;
5076;15;341.84;;
5076;16;371.81;;
5076;17;398.56;;
5076;18;367.83;;
5076;19;265.66;;
5076;20;164.34;;
5076;21;106.57;;
5076;22;79.65;;
5076;23;56.76;;
5078;0;62.17;;
5078;1;42.54;;
5078;2;28.53;;
5078;3;52.89;;
5078;4;130.11;;
5078;5;329.03;;
5078;6;448.27;;
5078;7;557.76;;
5078;8;489.44;;
5078;9;359.66;;
5078;10;387.57;;
5078;11;451.18;;
5078;12;468.47;;
5078;13;433.55;;
5078;14;454.72;;
5078;15;497.26;;
5078;16;611.18;;
5078;17;679.6;;
5078;18;575.59;;
5078;19;385.31;;
5078;20;258.83;;
5078;21;186.5;;
5078;22;126.19;;
5078;23;98.42;;
5081;0;50.09;;
5081;1;30.82;;
5081;2;23.56;;
5081;3;33.08;;
5081;4;69.5;;
5081;5;130.15;;
5081;6;279.12;;
5081;7;733.73;;
5081;8;668.91;;
5081;9;545.29;;
5081;10;615.39;;
5081;11;646.47;;
5081;12;599.13;;
5081;13;639.79;;
5081;14;646.44;;
5081;15;682.19;;
5081;16;812.7;;
5081;17;885.01;;
5081;18;713.03;;
5081;19;449.41;;
5081;20;244.31;;
5081;21;161.84;;
5081;22;126.14;;
5081;23;79.61;;
5082;0;16.78;;
5082;1;12.85;;
5082;2;10.53;;
5082;3;12.95;;
5082;4;38.69;;
5082;5;30.22;;
5082;6;61.41;;
5082;7;143.2;;
5082;8;155.92;;
5082;9;141.55;;
5082;10;144.69;;
5082;11;145.99;;
5082;12;147.2;;
5082;13;159.18;;
5082;14;155.99;;
5082;15;154.2;;
5082;16;156.63;;
5082;17;150.64;;
5082;18;123.8;;
5082;19;91.57;;
5082;20;66.45;;
5082;21;49.56;;
5082;22;34.14;;
5082;23;25.11;;
5085;0;24.57;;
5085;1;16.47;;
5085;2;12.05;;
5085;3;12.28;;
5085;4;33.89;;
5085;5;108.35;;
5085;6;144.7;;
5085;7;183.25;;
5085;8;206.38;;
5085;9;206.83;;
5085;10;250.87;;
5085;11;293.41;;
5085;12;265.98;;
5085;13;221.86;;
5085;14;245.76;;
5085;15;289.37;;
5085;16;328.73;;
5085;17;360.45;;
5085;18;314.02;;
5085;19;218.36;;
5085;20;126.88;;
5085;21;82.74;;
5085;22;58.54;;
5085;23;38.71;;
5087;0;134.79;;
5087;1;82.64;;
5087;2;57.23;;
5087;3;40.61;;
5087;4;62.26;;
5087;5;143.17;;
5087;6;284.44;;
5087;7;594.63;;
5087;8;750.42;;
5087;9;657.12;;
5087;10;813.36;;
5087;11;1034.6;;
5087;12;1117.13;;
5087;13;912.85;;
5087;14;977.21;;
5087;15;1126.44;;
5087;16;1568.75;;
5087;17;1857.02;;
5087;18;1547.36;;
5087;19;1024.86;;
5087;20;578.09;;
5087;21;410.8;;
5087;22;298.67;;
5087;23;219.21;;
5088;0;196.82;;
5088;1;106.43;;
5088;2;67.9;;
5088;3;70.16;;
5088;4;149.56;;
5088;5;250.38;;
5088;6;710.41;;
5088;7;2031.82;;
5088;8;2200.32;;
5088;9;1560.21;;
5088;10;1530.36;;
5088;11;1601.39;;
5088;12;1619.69;;
5088;13;1749.42;;
5088;14;1622.9;;
5088;15;1589.07;;
5088;16;1712.15;;
5088;17;1804.28;;
5088;18;1728.81;;
5088;19;1385.65;;
5088;20;871.74;;
5088;21;594.81;;
5088;22;436.4;;
5088;23;351.69;;
5090;0;48.53;;
5090;1;29.52;;
5090;2;23.8;;
5090;3;23.7;;
5090;4;50.34;;
5090;5;106.59;;
5090;6;193.31;;
5090;7;471.9;;
5090;8;500.68;;
5090;9;426.68;;
5090;10;425.93;;
5090;11;446.42;;
5090;12;446.92;;
5090;13;521.68;;
5090;14;563.09;;
5090;15;583.63;;
5090;16;863.64;;
5090;17;858.3;;
5090;18;594.56;;
5090;19;354.75;;
5090;20;234.46;;
5090;21;161.36;;
5090;22;148.04;;
5090;23;79.17;;
5091;0;33.41;;
5091;1;23.06;;
5091;2;15.34;;
5091;3;42.6;;
5091;4;128.78;;
5091;5;342.68;;
5091;6;439.5;;
5091;7;398.0;;
5091;8;319.16;;
5091;9;238.76;;
5091;10;241.51;;
5091;11;275.08;;
5091;12;304.76;;
5091;13;276.66;;
5091;14;270.53;;
5091;15;286.76;;
5091;16;337.21;;
5091;17;364.69;;
5091;18;304.66;;
5091;19;214.9;;
5091;20;158.65;;
5091;21;115.72;;
5091;22;70.24;;
5091;23;52.84;;
5092;0;33.71;;
5092;1;19.18;;
5092;2;15.06;;
5092;3;12.41;;
5092;4;31.76;;
5092;5;73.04;;
5092;6;104.04;;
5092;7;230.6;;
5092;8;248.16;;
5092;9;236.77;;
5092;10;262.48;;
5092;11;286.8;;
5092;12;303.26;;
5092;13;347.91;;
5092;14;371.82;;
5092;15;429.78;;
5092;16;655.29;;
5092;17;648.51;;
5092;18;425.62;;
5092;19;247.06;;
5092;20;174.82;;
5092;21;122.98;;
5092;22;129.56;;
5092;23;57.45;;
5117;0;16.5;;
5117;1;11.06;;
5117;2;6.86;;
5117;3;6.68;;
5117;4;15.65;;
5117;5;28.41;;
5117;6;70.97;;
5117;7;179.87;;
5117;8;218.35;;
5117;9;260.18;;
5117;10;287.11;;
5117;11;277.72;;
5117;12;234.41;;
5117;13;270.59;;
5117;14;308.87;;
5117;15;314.4;;
5117;16;375.31;;
5117;17;394.27;;
5117;18;308.29;;
5117;19;181.71;;
5117;20;96.83;;
5117;21;62.54;;
5117;22;40.31;;
5117;23;28.53;;
5182;0;121.63;;
5182;1;69.85;;
5182;2;53.45;;
5182;3;65.78;;
5182;4;129.28;;
5182;5;200.93;;
5182;6;388.84;;
5182;7;773.78;;
5182;8;831.58;;
5182;9;691.79;;
5182;10;726.72;;
5182;11;839.05;;
5182;12;749.43;;
5182;13;710.85;;
5182;14;807.17;;
5182;15;889.69;;
5182;16;1094.26;;
5182;17;1269.41;;
5182;18;1062.03;;
5182;19;691.3;;
5182;20;400.73;;
5182;21;304.6;;
5182;22;241.25;;
5182;23;188.64;;
5203;0;29.69;;
5203;1;20.1;;
5203;2;14.91;;
5203;3;17.11;;
5203;4;38.62;;
5203;5;71.08;;
5203;6;140.37;;
5203;7;287.57;;
5203;8;345.05;;
5203;9;313.49;;
5203;10;316.38;;
5203;11;305.62;;
5203;12;265.89;;
5203;13;290.24;;
5203;14;320.01;;
5203;15;334.26;;
5203;16;357.32;;
5203;17;395.79;;
5203;18;320.6;;
5203;19;226.5;;
5203;20;132.55;;
5203;21;83.79;;
5203;22;57.92;;
5203;23;43.32;;
5204;0;19.36;;
5204;1;12.58;;
5204;2;7.8;;
5204;3;10.08;;
5204;4;24.42;;
5204;5;40.5;;
5204;6;95.42;;
5204;7;192.74;;
5204;8;221.19;;
5204;9;257.37;;
5204;10;326.75;;
5204;11;368.28;;
5204;12;342.29;;
5204;13;293.75;;
5204;14;317.8;;
5204;15;350.64;;
5204;16;429.53;;
5204;17;481.69;;
5204;18;387.78;;
5204;19;248.37;;
5204;20;126.12;;
5204;21;80.6;;
5204;22;53.31;;
5204;23;33.31;;
5205;0;14.76;;
5205;1;8.78;;
5205;2;5.89;;
5205;3;5.34;;
5205;4;9.31;;
5205;5;18.96;;
5205;6;50.51;;
5205;7;113.76;;
5205;8;154.22;;
5205;9;194.26;;
5205;10;224.92;;
5205;11;233.95;;
5205;12;217.32;;
5205;13;208.82;;
5205;14;233.74;;
5205;15;259.38;;
5205;16;337.3;;
5205;17;337.9;;
5205;18;267.8;;
5205;19;149.71;;
5205;20;80.01;;
5205;21;50.76;;
5205;22;34.53;;
5205;23;26.05;;
5206;0;33.75;;
5206;1;19.62;;
5206;2;11.04;;
5206;3;7.55;;
5206;4;9.56;;
5206;5;18.1;;
5206;6;54.16;;
5206;7;109.46;;
5206;8;157.98;;
5206;9;200.61;;
5206;10;249.99;;
5206;11;268.94;;
5206;12;258.02;;
5206;13;252.09;;
5206;14;290.37;;
5206;15;419.82;;
5206;16;636.56;;
5206;17;693.31;;
5206;18;497.98;;
5206;19;282.41;;
5206;20;154.98;;
5206;21;100.49;;
5206;22;75.32;;
5206;23;54.65;;
5207;0;20.0;;
5207;1;13.2;;
5207;2;10.6;;
5207;3;11.97;;
5207;4;28.08;;
5207;5;126.44;;
5207;6;161.05;;
5207;7;184.48;;
5207;8;212.54;;
5207;9;180.82;;
5207;10;189.45;;
5207;11;204.25;;
5207;12;172.09;;
5207;13;175.25;;
5207;14;191.86;;
5207;15;219.44;;
5207;16;242.43;;
5207;17;261.21;;
5207;18;231.24;;
5207;19;164.44;;
5207;20;104.94;;
5207;21;65.43;;
5207;22;46.96;;
5207;23;31.27;;
5208;0;177.32;;
5208;1;112.1;;
5208;2;79.93;;
5208;3;63.36;;
5208;4;110.19;;
5208;5;206.05;;
5208;6;502.56;;
5208;7;1071.18;;
5208;8;1323.2;;
5208;9;1313.92;;
5208;10;1513.75;;
5208;11;1734.78;;
5208;12;1866.39;;
5208;13;1548.9;;
5208;14;1693.14;;
5208;15;1862.29;;
5208;16;2407.79;;
5208;17;2646.88;;
5208;18;2131.7;;
5208;19;1392.35;;
5208;20;798.33;;
5208;21;566.92;;
5208;22;414.74;;
5208;23;282.3;;
5209;0;37.58;;
5209;1;26.46;;
5209;2;28.04;;
5209;3;28.81;;
5209;4;51.55;;
5209;5;56.96;;
5209;6;110.23;;
5209;7;254.65;;
5209;8;308.09;;
5209;9;262.2;;
5209;10;246.88;;
5209;11;254.03;;
5209;12;254.85;;
5209;13;267.95;;
5209;14;269.58;;
5209;15;299.16;;
5209;16;310.95;;
5209;17;373.06;;
5209;18;292.08;;
5209;19;182.63;;
5209;20;122.71;;
5209;21;87.92;;
5209;22;66.52;;
5209;23;52.41;;
5210;0;143.5;;
5210;1;86.61;;
5210;2;62.88;;
5210;3;70.89;;
5210;4;125.06;;
5210;5;203.25;;
5210;6;409.31;;
5210;7;790.88;;
5210;8;903.76;;
5210;9;838.58;;
5210;10;974.8;;
5210;11;1129.83;;
5210;12;1082.16;;
5210;13;1019.52;;
5210;14;1097.09;;
5210;15;1160.54;;
5210;16;1243.68;;
5210;17;1300.71;;
5210;18;1263.13;;
5210;19;979.7;;
5210;20;569.41;;
5210;21;426.88;;
5210;22;304.23;;
5210;23;228.56;;
5211;0;32.15;;
5211;1;22.25;;
5211;2;14.69;;
5211;3;16.16;;
5211;4;28.69;;
5211;5;51.21;;
5211;6;100.36;;
5211;7;237.4;;
5211;8;234.63;;
5211;9;217.15;;
5211;10;230.87;;
5211;11;254.59;;
5211;12;248.35;;
5211;13;261.23;;
5211;14;241.24;;
5211;15;274.42;;
5211;16;308.9;;
5211;17;345.59;;
5211;18;285.34;;
5211;19;195.94;;
5211;20;120.02;;
5211;21;94.24;;
5211;22;61.7;;
5211;23;49.92;;
5212;0;28.38;;
5212;1;21.81;;
5212;2;24.09;;
5212;3;24.21;;
5212;4;21.46;;
5212;5;39.52;;
5212;6;51.4;;
5212;7;75.54;;
5212;8;95.07;;
5212;9;108.42;;
5212;10;121.78;;
5212;11;135.75;;
5212;12;145.17;;
5212;13;138.29;;
5212;14;144.02;;
5212;15;158.39;;
5212;16;191.22;;
5212;17;195.14;;
5212;18;168.95;;
5212;19;122.23;;
5212;20;77.34;;
5212;21;64.09;;
5212;22;46.24;;
5212;23;34.65;;
5213;0;31.9;;
5213;1;25.5;;
5213;2;17.61;;
5213;3;15.36;;
5213;4;35.5;;
5213;5;65.02;;
5213;6;125.94;;
5213;7;349.74;;
5213;8;483.42;;
5213;9;481.1;;
5213;10;468.06;;
5213;11;434.8;;
5213;12;378.87;;
5213;13;449.29;;
5213;14;441.04;;
5213;15;477.94;;
5213;16;495.33;;
5213;17;550.97;;
5213;18;419.31;;
5213;19;271.51;;
5213;20;157.76;;
5213;21;108.53;;
5213;22;71.02;;
5213;23;49.25;;
5221;0;42.78;;
5221;1;25.02;;
5221;2;20.78;;
5221;3;28.57;;
5221;4;50.8;;
5221;5;90.92;;
5221;6;143.84;;
5221;7;268.52;;
5221;8;311.55;;
5221;9;277.45;;
5221;10;270.15;;
5221;11;302.36;;
5221;12;267.79;;
5221;13;260.98;;
5221;14;271.2;;
5221;15;289.91;;
5221;16;337.9;;
5221;17;407.06;;
5221;18;360.19;;
5221;19;250.31;;
5221;20;147.12;;
5221;21;104.93;;
5221;22;85.63;;
5221;23;65.27;;
5228;0;67.17;;
5228;1;48.77;;
5228;2;35.15;;
5228;3;43.66;;
5228;4;104.28;;
5228;5;182.62;;
5228;6;503.01;;
5228;7;1199.94;;
5228;8;1106.76;;
5228;9;779.19;;
5228;10;722.13;;
5228;11;709.64;;
5228;12;654.19;;
5228;13;729.81;;
5228;14;714.17;;
5228;15;705.15;;
5228;16;763.42;;
5228;17;833.58;;
5228;18;743.7;;
5228;19;531.65;;
5228;20;304.63;;
5228;21;194.59;;
5228;22;145.52;;
5228;23;105.55;;
5229;0;96.32;;
5229;1;60.7;;
5229;2;44.16;;
5229;3;32.52;;
5229;4;53.44;;
5229;5;114.46;;
5229;6;207.43;;
5229;7;492.82;;
5229;8;597.15;;
5229;9;514.4;;
5229;10;597.2;;
5229;11;735.54;;
5229;12;758.26;;
5229;13;664.42;;
5229;14;726.54;;
5229;15;822.86;;
5229;16;1125.9;;
5229;17;1299.09;;
5229;18;1069.67;;
5229;19;710.06;;
5229;20;396.89;;
5229;21;292.25;;
5229;22;209.25;;
5229;23;153.17;;
5230;0;88.52;;
5230;1;61.05;;
5230;2;45.48;;
5230;3;55.39;;
5230;4;136.19;;
5230;5;249.79;;
5230;6;700.37;;
5230;7;1733.42;;
5230;8;1646.21;;
5230;9;1107.3;;
5230;10;994.02;;
5230;11;960.3;;
5230;12;868.07;;
5230;13;1034.41;;
5230;14;996.95;;
5230;15;938.43;;
5230;16;1002.31;;
5230;17;1066.47;;
5230;18;988.23;;
5230;19;738.28;;
5230;20;420.27;;
5230;21;289.83;;
5230;22;197.45;;
5230;23;144.55;;
5231;0;105.92;;
5231;1;72.97;;
5231;2;56.96;;
5231;3;59.67;;
5231;4;101.86;;
5231;5;214.84;;
5231;6;619.69;;
5231;7;1050.05;;
5231;8;1136.21;;
5231;9;1128.3;;
5231;10;1136.52;;
5231;11;1110.84;;
5231;12;1015.46;;
5231;13;1122.36;;
5231;14;1167.36;;
5231;15;1130.95;;
5231;16;1176.38;;
5231;17;1272.24;;
5231;18;1110.71;;
5231;19;784.7;;
5231;20;475.71;;
5231;21;296.07;;
5231;22;222.58;;
5231;23;163.53;;
5234;0;64.71;;
5234;1;43.98;;
5234;2;29.79;;
5234;3;35.29;;
5234;4;79.86;;
5234;5;115.84;;
5234;6;214.72;;
5234;7;507.37;;
5234;8;638.36;;
5234;9;568.35;;
5234;10;593.53;;
5234;11;650.51;;
5234;12;617.07;;
5234;13;590.36;;
5234;14;630.57;;
5234;15;687.54;;
5234;16;832.47;;
5234;17;989.04;;
5234;18;772.4;;
5234;19;476.54;;
5234;20;267.93;;
5234;21;176.49;;
5234;22;126.05;;
5234;23;94.72;;
5237;0;77.91;;
5237;1;43.06;;
5237;2;30.79;;
5237;3;41.25;;
5237;4;76.95;;
5237;5;132.15;;
5237;6;253.89;;
5237;7;466.06;;
5237;8;531.72;;
5237;9;466.97;;
5237;10;508.42;;
5237;11;603.58;;
5237;12;577.17;;
5237;13;538.66;;
5237;14;593.25;;
5237;15;664.62;;
5237;16;798.36;;
5237;17;894.25;;
5237;18;799.9;;
5237;19;556.78;;
5237;20;319.17;;
5237;21;222.2;;
5237;22;160.23;;
5237;23;122.41;;
5238;0;43.09;;
5238;1;29.79;;
5238;2;21.83;;
5238;3;25.59;;
5238;4;46.96;;
5238;5;124.96;;
5238;6;388.98;;
5238;7;761.17;;
5238;8;670.75;;
5238;9;604.46;;
5238;10;611.96;;
5238;11;593.55;;
5238;12;554.21;;
5238;13;621.97;;
5238;14;625.31;;
5238;15;608.38;;
5238;16;658.54;;
5238;17;721.67;;
5238;18;621.95;;
5238;19;414.12;;
5238;20;236.51;;
5238;21;129.05;;
5238;22;95.86;;
5238;23;68.69;;
5239;0;50.79;;
5239;1;31.04;;
5239;2;26.78;;
5239;3;41.05;;
5239;4;104.57;;
5239;5;200.19;;
5239;6;273.33;;
5239;7;546.61;;
5239;8;600.2;;
5239;9;486.72;;
5239;10;441.2;;
5239;11;444.55;;
5239;12;373.68;;
5239;13;432.99;;
5239;14;434.15;;
5239;15;435.12;;
5239;16;453.6;;
5239;17;496.2;;
5239;18;452.95;;
5239;19;343.62;;
5239;20;205.16;;
5239;21;126.77;;
5239;22;99.14;;
5239;23;75.89;;
5241;0;43.58;;
5241;1;25.85;;
5241;2;16.19;;
5241;3;15.72;;
5241;4;25.36;;
5241;5;55.45;;
5241;6;135.28;;
5241;7;244.17;;
5241;8;292.0;;
5241;9;333.03;;
5241;10;414.11;;
5241;11;482.32;;
5241;12;475.16;;
5241;13;425.9;;
5241;14;489.13;;
5241;15;544.82;;
5241;16;674.69;;
5241;17;750.74;;
5241;18;668.3;;
5241;19;443.1;;
5241;20;224.46;;
5241;21;156.74;;
5241;22;120.69;;
5241;23;79.23;;
5242;0;44.39;;
5242;1;26.99;;
5242;2;22.25;;
5242;3;38.79;;
5242;4;109.3;;
5242;5;209.23;;
5242;6;263.49;;
5242;7;487.13;;
5242;8;599.55;;
5242;9;553.13;;
5242;10;591.17;;
5242;11;607.21;;
5242;12;493.87;;
5242;13;576.9;;
5242;14;583.01;;
5242;15;598.13;;
5242;16;582.43;;
5242;17;583.53;;
5242;18;539.16;;
5242;19;392.31;;
5242;20;228.85;;
5242;21;137.34;;
5242;22;102.36;;
5242;23;75.41;;
5243;0;45.54;;
5243;1;26.42;;
5243;2;14.56;;
5243;3;14.62;;
5243;4;27.46;;
5243;5;48.8;;
5243;6;99.93;;
5243;7;204.58;;
5243;8;306.87;;
5243;9;427.9;;
5243;10;531.87;;
5243;11;581.11;;
5243;12;542.94;;
5243;13;489.81;;
5243;14;584.08;;
5243;15;629.43;;
5243;16;693.95;;
5243;17;741.58;;
5243;18;645.09;;
5243;19;425.7;;
5243;20;239.3;;
5243;21;175.87;;
5243;22;135.86;;
5243;23;88.82;;
5244;0;56.43;;
5244;1;32.43;;
5244;2;25.92;;
5244;3;59.89;;
5244;4;208.43;;
5244;5;391.89;;
5244;6;395.69;;
5244;7;458.6;;
5244;8;570.72;;
5244;9;568.02;;
5244;10;661.86;;
5244;11;709.56;;
5244;12;593.87;;
5244;13;630.93;;
5244;14;663.15;;
5244;15;709.94;;
5244;16;707.32;;
5244;17;704.18;;
5244;18;647.12;;
5244;19;497.21;;
5244;20;327.79;;
5244;21;192.67;;
5244;22;146.26;;
5244;23;102.42;;
5245;0;99.03;;
5245;1;58.98;;
5245;2;45.67;;
5245;3;44.47;;
5245;4;88.14;;
5245;5;130.14;;
5245;6;380.27;;
5245;7;790.28;;
5245;8;867.97;;
5245;9;738.47;;
5245;10;786.36;;
5245;11;887.81;;
5245;12;980.72;;
5245;13;955.56;;
5245;14;939.53;;
5245;15;1017.02;;
5245;16;1182.88;;
5245;17;1292.44;;
5245;18;1127.61;;
5245;19;855.22;;
5245;20;495.59;;
5245;21;319.17;;
5245;22;231.09;;
5245;23;165.34;;
5246;0;50.45;;
5246;1;30.81;;
5246;2;16.76;;
5246;3;16.25;;
5246;4;33.1;;
5246;5;71.05;;
5246;6;133.85;;
5246;7;309.43;;
5246;8;452.5;;
5246;9;556.43;;
5246;10;640.98;;
5246;11;659.62;;
5246;12;570.95;;
5246;13;587.39;;
5246;14;678.92;;
5246;15;720.56;;
5246;16;787.42;;
5246;17;756.95;;
5246;18;656.92;;
5246;19;470.65;;
5246;20;281.28;;
5246;21;199.83;;
5246;22;156.71;;
5246;23;97.82;;
5248;0;37.74;;
5248;1;23.87;;
5248;2;23.42;;
5248;3;55.18;;
5248;4;328.33;;
5248;5;410.09;;
5248;6;282.6;;
5248;7;300.9;;
5248;8;334.7;;
5248;9;273.58;;
5248;10;289.13;;
5248;11;324.26;;
5248;12;374.76;;
5248;13;301.39;;
5248;14;306.0;;
5248;15;323.48;;
5248;16;331.78;;
5248;17;394.28;;
5248;18;354.89;;
5248;19;270.64;;
5248;20;216.6;;
5248;21;136.28;;
5248;22;94.16;;
5248;23;63.73;;
5249;0;54.44;;
5249;1;28.71;;
5249;2;18.97;;
5249;3;13.28;;
5249;4;23.48;;
5249;5;65.2;;
5249;6;109.76;;
5249;7;161.11;;
5249;8;223.76;;
5249;9;269.55;;
5249;10;324.94;;
5249;11;344.91;;
5249;12;331.69;;
5249;13;402.35;;
5249;14;415.1;;
5249;15;460.64;;
5249;16;442.45;;
5249;17;438.83;;
5249;18;422.99;;
5249;19;373.31;;
5249;20;237.35;;
5249;21;202.55;;
5249;22;123.97;;
5249;23;85.65;;
5250;0;36.08;;
5250;1;27.93;;
5250;2;30.75;;
5250;3;76.19;;
5250;4;470.84;;
5250;5;814.3;;
5250;6;725.01;;
5250;7;662.11;;
5250;8;513.23;;
5250;9;354.67;;
5250;10;361.74;;
5250;11;375.21;;
5250;12;451.63;;
5250;13;362.26;;
5250;14;348.3;;
5250;15;360.08;;
5250;16;364.6;;
5250;17;356.4;;
5250;18;326.51;;
5250;19;253.41;;
5250;20;228.84;;
5250;21;145.5;;
5250;22;88.07;;
5250;23;60.4;;
5251;0;73.03;;
5251;1;37.53;;
5251;2;26.61;;
5251;3;27.32;;
5251;4;41.81;;
5251;5;111.8;;
5251;6;113.53;;
5251;7;150.4;;
5251;8;257.8;;
5251;9;333.51;;
5251;10;395.87;;
5251;11;418.31;;
5251;12;413.72;;
5251;13;506.0;;
5251;14;543.71;;
5251;15;678.93;;
5251;16;802.59;;
5251;17;822.05;;
5251;18;775.1;;
5251;19;535.75;;
5251;20;326.03;;
5251;21;301.72;;
5251;22;193.35;;
5251;23;121.27;;
5261;0;13.73;;
5261;1;8.64;;
5261;2;9.44;;
5261;3;10.49;;
5261;4;21.03;;
5261;5;33.81;;
5261;6;70.33;;
5261;7;78.54;;
5261;8;81.83;;
5261;9;85.95;;
5261;10;92.24;;
5261;11;95.66;;
5261;12;80.94;;
5261;13;80.44;;
5261;14;85.94;;
5261;15;91.33;;
5261;16;100.03;;
5261;17;105.88;;
5261;18;91.14;;
5261;19;64.11;;
5261;20;40.72;;
5261;21;27.19;;
5261;22;19.2;;
5261;23;15.43;;
5266;0;49.47;;
5266;1;34.83;;
5266;2;27.64;;
5266;3;32.28;;
5266;4;41.87;;
5266;5;79.69;;
5266;6;164.51;;
5266;7;372.59;;
5266;8;435.78;;
5266;9;383.35;;
5266;10;398.17;;
5266;11;419.43;;
5266;12;364.38;;
5266;13;398.99;;
5266;14;449.59;;
5266;15;475.08;;
5266;16;524.28;;
5266;17;560.69;;
5266;18;466.31;;
5266;19;322.29;;
5266;20;199.72;;
5266;21;132.5;;
5266;22;97.72;;
5266;23;73.18;;
